<?xml version="1.0" encoding="UTF-8"?>
<complete>
	<option value="austria" img_src="austria.png" img_src_dis="dis/austria.png"><![CDATA[Austria]]></option>
	<option value="belarus" img_src="belarus.png" img_src_dis="dis/belarus.png"><![CDATA[Belarus]]></option>
	<option value="cameroon" img_src="cameroon.png" img_src_dis="dis/cameroon.png"><![CDATA[Cameroon]]></option>
	<option value="canada" img_src="canada.png" img_src_dis="dis/canada.png"><![CDATA[Canada]]></option>
	<option value="china" img_src="china.png" img_src_dis="dis/china.png"><![CDATA[China]]></option>
	<option value="czech_republic" img_src="czech_republic.png"><![CDATA[Czech Republic]]></option>
	<option value="denmark" img_src="denmark.png" img_src_dis="dis/denmark.png" selected="1"><![CDATA[Denmark]]></option>
	<option value="finland" img_src="finland.png" img_src_dis="dis/finland.png"><![CDATA[Finland]]></option>
	<option value="germany" img_src="germany.png" img_src_dis="dis/germany.png"><![CDATA[Germany]]></option>
	<option value="britain" img_src="britain.png" img_src_dis="dis/britain.png"><![CDATA[Great Britain]]></option>
	<option value="hungary" img_src="hungary.png" img_src_dis="dis/hungary.png"><![CDATA[Hungary]]></option>
	<option value="italy" img_src="italy.png" img_src_dis="dis/italy.png"><![CDATA[Italy]]></option>
	<option value="us" img_src="us.png" img_src_dis="dis/us.png"><![CDATA[United States]]></option>
</complete>
