<?xml version="1.0" encoding="UTF-8"?>
<complete>
	<option value="1"><![CDATA[Copenhagen Airport]]></option>
	<option value="2" selected="1"><![CDATA[Dublin Airport]]></option>
	<option value="3" img_src="flag_red.png"><![CDATA[Frankfurt Airport]]></option>
	<option value="4" img_src="flag_red.png"><![CDATA[Ferihegy Airport]]></option>
	<option value="5"><![CDATA[Helsinki-Vantaa Airport]]></option>
	<option value="6" img_src="flag_red.png"><![CDATA[Lisbon Portela Airport]]></option>
	<option value="7"><![CDATA[Oslo Airport Gardermoen]]></option>
	<option value="8"><![CDATA[Paris-Charles de Gaulle Airport]]></option>
</complete>
