<data>
	<item id="1">
		<sales>2.9</sales>
		<year>2000</year>
	</item>
	<item id="2">
		<sales>3.5</sales>
		<year>2001</year>
	</item>
	<item id="3">
		<sales>3.1</sales>
		<year>2002</year>
	</item>
	<item id="4">
		<sales>4.2</sales>
		<year>2003</year>
	</item>
	<item id="5">
		<sales>4.5</sales>
		<year>2004</year>
	</item>
	<item id="6">
		<sales>7.4</sales>
		<year>2005</year>
	</item>
	<item id="7">
		<sales>9.6</sales>
		<year>2006</year>
	</item>
	<item id="8">
		<sales>9</sales>
		<year>2007</year>
	</item>
	<item id="9">
		<sales>7.3</sales>
		<year>2008</year>
	</item>
	<item id="10">
		<sales>5.8</sales>
		<year>2009</year>
	</item>
	<item id="11">
		<sales>7.7</sales>
		<year>2010</year>
	</item>
</data>
